{"cameraMode":{"drawMode":0,"name":"Shaded","section":"Shading Mode"},"sceneLighting":true,"audioPlay":false,"sceneViewState":{"showFog":true,"showMaterialUpdate":false,"showSkybox":true,"showFlares":true,"showImageEffects":true,"showParticleSystems":true},"in2DMode":false,"pivot":{"x":7.989689826965332,"y":3.574354648590088,"z":9.147497177124024},"rotation":{"x":0.020907841622829438,"y":-0.9434249401092529,"z":0.06065419688820839,"w":0.3253560960292816},"size":-5.070062160491943,"orthographic":false}