{"cameraMode":{"drawMode":0,"name":"Shaded","section":"Shading Mode"},"sceneLighting":true,"audioPlay":false,"sceneViewState":{"showFog":true,"showMaterialUpdate":false,"showSkybox":true,"showFlares":true,"showImageEffects":true,"showParticleSystems":true},"in2DMode":false,"pivot":{"x":0.8199996948242188,"y":2.75,"z":8.089998245239258},"rotation":{"x":0.19239428639411927,"y":0.19749192893505097,"z":-0.03955109044909477,"w":0.9604406356811523},"size":14.707265853881836,"orthographic":false}