{"cameraMode":{"drawMode":0,"name":"Shaded","section":"Shading Mode"},"sceneLighting":false,"audioPlay":false,"sceneViewState":{"showFog":true,"showMaterialUpdate":false,"showSkybox":false,"showFlares":true,"showImageEffects":true,"showParticleSystems":true},"in2DMode":false,"pivot":{"x":0.4853644371032715,"y":-0.5148681402206421,"z":0.9562886357307434},"rotation":{"x":0.04013575613498688,"y":-0.8485191464424133,"z":0.06503834575414658,"w":0.523621141910553},"size":1.6539764404296876,"orthographic":false}