{"cameraMode":{"drawMode":0,"name":"Shaded","section":"Shading Mode"},"sceneLighting":true,"audioPlay":false,"sceneViewState":{"showFog":true,"showMaterialUpdate":false,"showSkybox":true,"showFlares":true,"showImageEffects":true,"showParticleSystems":true},"in2DMode":false,"pivot":{"x":6.040195465087891,"y":6.450898170471191,"z":12.118415832519532},"rotation":{"x":0.041658926755189899,"y":0.0377567820250988,"z":-0.0015662688529118896,"w":0.9984291791915894},"size":14.751587867736817,"orthographic":false}