{"cameraMode":{"drawMode":0,"name":"Shaded","section":"Shading Mode"},"sceneLighting":true,"audioPlay":false,"sceneViewState":{"showFog":true,"showMaterialUpdate":false,"showSkybox":false,"showFlares":true,"showImageEffects":true,"showParticleSystems":true},"in2DMode":false,"pivot":{"x":-15.61231803894043,"y":1.3982844352722169,"z":-13.315567016601563},"rotation":{"x":0.04013575613498688,"y":-0.8485191464424133,"z":0.06503834575414658,"w":0.523621141910553},"size":8.326093673706055,"orthographic":false}