{"cameraMode":{"drawMode":0,"name":"Shaded","section":"Shading Mode"},"sceneLighting":false,"audioPlay":false,"sceneViewState":{"showFog":true,"showMaterialUpdate":false,"showSkybox":false,"showFlares":true,"showImageEffects":true,"showParticleSystems":true},"in2DMode":false,"pivot":{"x":0.42621976137161257,"y":2.0958070755004885,"z":5.41975212097168},"rotation":{"x":0.14437708258628846,"y":-0.7010688185691834,"z":0.14832839369773866,"w":0.6823914051055908},"size":6.5047926902771,"orthographic":false}