{"cameraMode":{"drawMode":0,"name":"Shaded","section":"Shading Mode"},"sceneLighting":true,"audioPlay":false,"sceneViewState":{"showFog":true,"showMaterialUpdate":false,"showSkybox":true,"showFlares":true,"showImageEffects":true,"showParticleSystems":true},"in2DMode":false,"pivot":{"x":0.0,"y":1.5724997520446778,"z":4.090000152587891},"rotation":{"x":0.08420002460479737,"y":-0.01526547595858574,"z":0.0012907126219943166,"w":0.9963433146476746},"size":11.957071304321289,"orthographic":false}