{"cameraMode":{"drawMode":0,"name":"Shaded","section":"Shading Mode"},"sceneLighting":true,"audioPlay":false,"sceneViewState":{"showFog":true,"showMaterialUpdate":false,"showSkybox":true,"showFlares":true,"showImageEffects":true,"showParticleSystems":true},"in2DMode":false,"pivot":{"x":-0.213312566280365,"y":2.3415188789367677,"z":3.6164257526397707},"rotation":{"x":0.3053019344806671,"y":-0.15141509473323823,"z":0.049246154725551608,"w":0.9388574361801148},"size":10.901460647583008,"orthographic":false}