{"cameraMode":{"drawMode":0,"name":"Shaded","section":"Shading Mode"},"sceneLighting":true,"audioPlay":false,"sceneViewState":{"showFog":true,"showMaterialUpdate":false,"showSkybox":true,"showFlares":true,"showImageEffects":true,"showParticleSystems":true},"in2DMode":false,"pivot":{"x":-5.445441246032715,"y":-25.894515991210939,"z":126.84200286865235},"rotation":{"x":0.12147753685712815,"y":-0.022649522870779039,"z":0.0027716101612895729,"w":0.9923429489135742},"size":137.91818237304688,"orthographic":false}